"","Name","ISO_time","Season","StartLat","StartLon","MaxWind","MinPres","MeanSpeed","TotalDist"
"1","ABLE","8/12/50 0:00",1950,16.5,-54.5,120,0,14.692174377293,3878.73403560535
"2","BAKER","8/20/50 6:00",1950,16.3,-55,105,0,10.6009807680389,3243.90011501991
"3","CHARLIE","8/21/50 12:00",1950,13.1,-24,100,0,12.6809047213965,4641.21112803111
"4","DOG","8/30/50 18:00",1950,15.2,-55.3,160,0,13.5101843796211,5674.27743944085
"5","EASY","9/1/50 6:00",1950,19.1,-84.1,110,0,8.10273808714633,1701.57499830073
"6","FOX","9/8/50 6:00",1950,15.6,-40.1,120,0,13.9306892415183,3092.61301161706
"7","GEORGE","9/27/50 6:00",1950,24.4,-52.7,95,0,16.5763640274335,4177.24373491324
"8","HOW","10/1/50 6:00",1950,25,-87.3,50,0,9.46820162340603,852.138146106543
"9","ITEM","10/8/50 6:00",1950,20.8,-90.6,95,0,6.31403698112732,416.726440754403
"10","JIG","10/11/50 12:00",1950,24.3,-47.2,105,0,16.0676559897425,2506.55433439983
"11","KING","10/13/50 6:00",1950,16,-84.2,105,0,9.21714826888659,1437.87512994631
"12","LOVE","10/18/50 0:00",1950,27.5,-89.2,80,0,10.2124030674158,980.390694471915
"13","NOT NAMED","10/17/50 6:00",1950,22,-42,60,0,13.1643023535318,2448.56023775691
"14","ABLE","5/15/51 6:00",1951,28,-64.6,100,0,11.8366350386129,2769.77259903541
"15","BAKER","8/2/51 6:00",1951,21,-52,50,0,16.6839886682817,1501.55898014535
"16","CHARLIE","8/12/51 6:00",1951,12.2,-45.7,115,0,13.0735309649105,3686.73573210477
"17","DOG","8/27/51 6:00",1951,12.3,-25.6,100,0,16.387679184769,3834.71692923596
"18","EASY","9/2/51 18:00",1951,14,-37,140,0,16.8795219196439,4557.47091830386
"19","FOX","9/2/51 18:00",1951,13,-20,100,0,28.0972930869574,6069.0153067828
"20","GEORGE","9/20/51 6:00",1951,19.8,-93,50,0,7.50927387245628,315.389502643164
"21","HOW","9/28/51 6:00",1951,18.7,-84.8,95,0,17.8223039756754,4491.22060187019
"22","ITEM","10/12/51 6:00",1951,14.3,-78.2,70,0,6.24869758533806,862.320266776652
"23","JIG","10/15/51 6:00",1951,28.1,-75.6,70,0,10.0925666070874,1392.77419177807
"24","ABLE","8/18/52 6:00",1952,14.6,-19,90,0,14.6784369025761,5548.44914917376
"25","BAKER","8/31/52 6:00",1952,16.7,-58.4,105,0,15.7583358665927,3687.4505927827
"26","CHARLIE","9/22/52 6:00",1952,14.4,-62.2,105,0,15.8503337716958,3613.87609994664
"27","DOG","9/25/52 6:00",1952,14,-51,75,0,7.30346159977366,744.953083176914
"28","EASY","10/6/52 12:00",1952,15.2,-51,95,0,6.19581557810297,780.672762840974
"29","FOX","10/20/52 12:00",1952,11.8,-77.6,130,0,10.1658077375741,2012.82993203967
"30","NOT NAMED","2/2/52 6:00",1952,17.5,-87.2,50,0,31.4340382944819,2451.85498696958
"31","ALICE","5/25/53 18:00",1953,14.4,-81.8,60,0,7.76411474401966,2282.64973474178
"32","BARBARA","8/11/53 6:00",1953,22.8,-73.9,95,0,19.2597086948466,2542.28154771975
"33","CAROL","8/28/53 6:00",1953,16,-20.5,130,0,20.621414622532,6186.42438675961
"34","DOLLY","9/8/53 6:00",1953,20.3,-65.9,100,0,18.393251525705,4304.02085701497
"35","EDNA","9/14/53 6:00",1953,16,-61.7,110,0,26.7935258934096,4340.55119473236
"36","FLORENCE","9/23/53 12:00",1953,16.9,-75.8,110,0,20.8583741078892,2753.30538224137
"37","GAIL","10/2/53 6:00",1953,13.1,-35.5,70,0,10.5558650489863,950.02785440877
"38","HAZEL","10/7/53 6:00",1953,20.5,-86.4,60,0,19.4454550131582,2683.47279181583
"39","NOT NAMED","8/28/53 18:00",1953,21.7,-82.6,60,0,22.1606883205542,15955.695590799
"40","ALICE","6/24/54 12:00",1954,22,-94,70,0,21.8242973502118,5106.88557994955
"41","BARBARA","7/27/54 6:00",1954,27.8,-89.9,40,0,6.50205696300943,585.185126670849
"42","CAROL","8/25/54 12:00",1954,24,-74.9,85,0,11.1114548343144,1866.72441216482
"43","DOLLY","8/31/54 6:00",1954,19.3,-67.7,85,0,31.4394010707873,3395.45531564503
"44","EDNA","9/2/54 6:00",1954,11.2,-56.4,105,0,14.6569416457123,4660.90744333652
"45","FLORENCE","9/11/54 6:00",1954,20.9,-94.7,65,0,4.81996029008842,202.438332183714
"46","GILDA","9/24/54 18:00",1954,14.1,-76.8,60,0,10.6419279532924,830.070380356811
"47","HAZEL","10/5/54 6:00",1954,12.4,-59.2,120,0,14.2486205498537,4616.55305815259
"48","NOT NAMED","10/14/54 12:00",1954,16.8,-93,45,0,0,0
"49","UNNAMED","9/25/54 6:00",1954,27.8,-56.1,85,0,16.3213819958088,6757.05214626483
"50","BRENDA","7/31/55 18:00",1955,27.5,-88.4,60,0,9.39474428874207,620.053123056976
"51","CONNIE","8/3/55 6:00",1955,15.3,-35.6,125,0,14.5164303118449,4267.8305116824
"52","DIANE","8/7/55 6:00",1955,17,-43,105,0,13.7419872667877,4864.66349244284
"53","EDITH","8/21/55 12:00",1955,12.4,-41,85,0,11.7228555180099,3798.2051878352
"54","FLORA","9/2/55 6:00",1955,19,-31.1,90,0,17.8380181008544,3210.84325815379
"55","GLADYS","9/4/55 12:00",1955,20.6,-94.1,80,0,8.41622066172982,504.973239703789
"56","HILDA","9/10/55 18:00",1955,16.8,-61.3,110,0,11.1189024846874,2601.82318141685
"57","IONE","9/10/55 6:00",1955,15.4,-43.2,105,0,17.0944327078717,5743.7293898449
"58","JANET","9/21/55 18:00",1955,13.2,-54.3,150,0,14.5596026868641,3057.51656424146
"59","KATIE","10/14/55 18:00",1955,11.7,-77.9,100,0,20.6004294585971,2842.8592652864
"60","UNNAMED","8/23/55 6:00",1955,17.7,-80,55,0,22.010682744491,6074.94843747953
"61","ANNA","7/25/56 18:00",1956,20.6,-92.7,70,0,9.7911698244401,411.229132626484
"62","BETSY","8/9/56 6:00",1956,13.5,-47.2,105,0,17.5942324660909,4644.877371048
"63","CARLA","9/5/56 6:00",1956,21,-74.8,45,0,14.5309022723429,2266.8207544855
"64","DORA","9/10/56 6:00",1956,20.5,-91.1,60,0,6.50181619528828,429.119868889026
"65","ETHEL","9/11/56 18:00",1956,22.9,-75,60,0,9.6036800544614,576.220803267684
"66","FLOSSY","9/21/56 6:00",1956,17.4,-87.5,80,0,12.3052721209249,2879.43367629642
"67","GRETA","10/30/56 6:00",1956,17.8,-75.5,120,0,18.6393665360345,3690.59457413483
"68","UNNAMED","6/12/56 0:00",1956,22,-91.5,50,0,11.7991126528435,991.125462838853
"69","AUDREY","6/25/57 6:00",1957,21.6,-93.3,125,0,18.9490346149859,1932.80153072856
"70","BERTHA","8/8/57 18:00",1957,27,-88.9,60,0,9.29718848069682,725.180701494352
"71","CARRIE","9/2/57 6:00",1957,13,-21.7,135,0,12.7355015262774,6953.58383334746
"72","DEBBIE","9/7/57 6:00",1957,23.9,-89.8,35,0,12.7252217255732,687.161973180951
"73","ESTHER","9/16/57 18:00",1957,23,-92.8,45,0,10.5076243917131,756.548956203346
"74","FRIEDA","9/20/57 12:00",1957,31.7,-65.8,70,0,14.6071964863225,2541.65218862012
"75","NOT NAMED","10/6/57 0:00",1957,32.2,-107.5,20,0,6.98824715414335,125.78844877458
"76","UNNAMED","6/8/57 6:00",1957,25.5,-88.5,60,0,20.3595690633096,5985.71330461303
"77","ALMA","6/14/58 6:00",1958,21.1,-94.5,45,0,13.1833988360002,870.104323176014
"78","BECKY","8/8/58 12:00",1958,15.3,-21,50,0,22.4193591549848,5111.61388733654
"79","CLEO","8/11/58 6:00",1958,10.8,-21.6,140,0,21.6924557622682,5726.8083212388
"80","DAISY","8/24/58 12:00",1958,25.2,-73.6,110,0,16.3428136953705,2941.70646516668
"81","ELLA","8/30/58 6:00",1958,13.7,-56.6,100,0,16.4362408101532,3057.14079068849
"82","FIFI","9/4/58 12:00",1958,10.1,-44.8,80,0,11.8823352695302,2423.99639498415
"83","GERDA","9/13/58 12:00",1958,15.1,-62,60,0,17.0608685892698,1023.65211535619
"84","HELENE","9/21/58 6:00",1958,18.5,-51.5,115,0,19.4523640139428,6185.85175643381
"85","ILSA","9/24/58 6:00",1958,17.3,-50.8,115,0,17.14356738576,2571.535107864
"86","JANICE","10/5/58 6:00",1958,19.2,-81.3,80,0,19.6089457347532,3882.57125548114
"87","NOT NAMED","10/6/58 12:00",1958,33.8,-106.2,20,0,0,0
"88","ARLENE","5/28/59 12:00",1959,23.8,-86.6,50,0,10.2766202816836,1356.51387718224
"89","BEULAH","6/15/59 18:00",1959,21.1,-94.7,60,0,4.63571859755733,361.586050609472
"90","CINDY","7/5/59 12:00",1959,29.6,-78.5,65,0,12.5357583954451,2256.43651118012
"91","DEBRA","7/23/59 0:00",1959,26.9,-92.1,75,0,7.21785686416862,952.757106070258
"92","EDITH","8/17/59 18:00",1959,13.7,-56.3,50,0,21.6896025649192,1041.10092311612
"93","FLORA","9/9/59 6:00",1959,16.8,-45.8,65,0,23.5264487256084,2964.33253942666
"94","GRACIE","9/20/59 12:00",1959,19.7,-68.6,120,0,11.2056363139195,3361.69089417585
"95","HANNAH","9/27/59 12:00",1959,26.8,-49.9,110,0,20.7604307492401,5729.87888679028
"96","IRENE","10/6/59 18:00",1959,23.1,-92.3,50,0,12.7293619460455,840.137888439005
"97","JUDITH","10/17/59 12:00",1959,21.2,-85.1,70,0,21.2892360118424,2299.23748927898
"98","UNNAMED","6/18/59 0:00",1959,25.6,-86.7,70,0,29.9672921595143,2876.86004731337
"99","ABBY","7/10/60 0:00",1960,13,-56.2,85,0,15.4246796989219,2591.34618941889
"100","BRENDA","7/28/60 18:00",1960,27,-86,50,0,28.9154974158936,2428.90178293507
"101","CLEO","8/17/60 18:00",1960,24.4,-75.5,80,0,20.0955073940622,1808.5956654656
"102","DONNA","8/29/60 18:00",1960,10.2,-21.5,140,0,17.8658707169419,6646.1039067024
"103","ETHEL","9/14/60 12:00",1960,23.9,-90.6,140,0,11.1289279060258,934.829944106171
"104","FLORENCE","9/17/60 6:00",1960,20.9,-64,40,0,10.2994423601796,2533.66282060417
"105","UNNAMED","6/22/60 6:00",1960,19.2,-93.6,40,0,11.7792985923717,1978.92216351844
"106","ANNA","7/20/61 0:00",1961,11.5,-60.2,100,0,16.5981041648697,1991.77249978436
"107","BETSY","9/2/61 6:00",1961,13.3,-41.7,120,0,18.0084643179254,4430.08222220965
"108","CARLA","9/3/61 12:00",1961,12.5,-77,150,0,15.0600876642194,4608.38682525114
"109","DEBBIE","9/6/61 18:00",1961,15.1,-24.1,105,0,19.9260722545797,4782.25734109912
"110","ESTHER","9/10/61 18:00",1961,11.7,-32.1,125,0,13.651869739989,5488.05163547557
"111","FRANCES","9/30/61 6:00",1961,16,-57,110,0,13.2211682586738,3252.40739163376
"112","GERDA","10/16/61 0:00",1961,17.5,-77,60,0,17.7823582202315,2987.43618099889
"113","HATTIE","10/27/61 12:00",1961,11.6,-81.5,140,0,8.80681417436942,1056.81770092433
"114","INGA","11/5/61 0:00",1961,20.8,-94.7,60,0,4.70998033974949,423.898230577454
"115","IVA","6/12/61 0:00",1961,20.8,-99.3,25,0,0,0
"116","JENNY","11/1/61 12:00",1961,17,-62,70,0,14.1974086965332,2896.27137409278
"117","SIMONE","11/3/61 0:00",1961,17.6,-95.4,25,0,4.8817676324373,87.8718173838714
"118","UNNAMED","9/12/61 12:00",1961,25.8,-78,35,0,21.5471977896203,1809.96461432811
"119","ALMA","8/26/62 12:00",1962,25.3,-79.7,85,0,14.228182305639,2561.07281501501
"120","BECKY","8/27/62 6:00",1962,16,-18.8,35,0,18.7922750355815,2593.33395491024
"121","CELIA","9/12/62 0:00",1962,15.9,-45.9,60,0,12.9590013339292,3110.16032014301
"122","DAISY","9/29/62 6:00",1962,14.5,-48.9,95,0,14.476323453531,3561.17556956862
"123","ELLA","10/14/62 18:00",1962,22.1,-71.4,100,0,15.7586664188823,3403.87194647857
"124","ARLENE","7/31/63 18:00",1963,11,-39.4,90,0,16.1231144515255,4159.76352849359
"125","BEULAH","8/20/63 12:00",1963,13.7,-49.5,105,0,17.4768208357971,3565.2714505026
"126","CINDY","9/16/63 12:00",1963,26.7,-93.7,70,0,5.714656041467,514.31904373203
"127","DEBRA","9/19/63 6:00",1963,14.4,-38.3,65,0,13.4149896477679,1851.26857139197
"128","EDITH","9/23/63 12:00",1963,11,-52,85,0,12.0007764376845,1728.11180702657
"129","FLORA","9/26/63 12:00",1963,8,-33,125,0,15.5956942092826,6456.61740264299
"130","GINNY","10/16/63 12:00",1963,21,-72,95,0,10.4636926544432,3515.80073189293
"131","HELENA","10/25/63 12:00",1963,15.2,-58.9,45,0,5.84524883557383,631.286874241974
"132","UNNAMED","9/10/63 6:00",1963,30.5,-66.4,50,0,23.2988359447167,2935.65332903431
"133","ABBY","8/5/64 18:00",1964,27,-88.1,55,0,8.82941471532705,688.69434779551
"134","BRENDA","8/7/64 18:00",1964,32,-69,45,0,12.0334942201276,938.612549169955
"135","CLEO","8/20/64 18:00",1964,13.1,-44.3,135,0,15.6590368782032,6013.07016123003
"136","DORA","8/28/64 12:00",1964,14,-18,115,0,15.5985124384412,7019.33059729854
"137","ETHEL","9/4/64 6:00",1964,17.7,-35.4,100,0,15.7756164225096,4638.03122821782
"138","FLORENCE","9/5/64 18:00",1964,16.3,-19.7,40,0,14.4437127978362,1646.58325895333
"139","GLADYS","9/13/64 6:00",1964,14.7,-44.3,125,0,12.8117405222376,3689.78127040444
"140","HILDA","9/28/64 12:00",1964,21.2,-80,130,0,9.38646845914295,1689.56432264573
"141","ISBELL","10/8/64 12:00",1964,13,-80,110,0,9.7694909652582,2051.59310270422
"142","UNNAMED","6/2/64 12:00",1964,17.9,-86.1,50,0,24.5851515921945,12538.4273120192
"143","ANNA","8/21/65 6:00",1965,32.4,-51.8,80,0,19.2371925446305,2539.30941589122
"144","BETSY","8/27/65 0:00",1965,10.9,-50.5,135,0,10.7553616405832,4452.71971920143
"145","CAROL","9/16/65 6:00",1965,13.3,-20.1,85,0,12.8961092208046,4874.72928546416
"146","DEBBIE","9/24/65 12:00",1965,17.5,-84.7,45,0,7.43699675225542,1026.30555181125
"147","ELENA","10/12/65 12:00",1965,15.6,-45.5,70,0,19.8824887725971,3220.96318116073
"148","UNNAMED","6/12/65 6:00",1965,16.8,-91.1,45,0,18.1595644986373,2723.93467479559
"149","ALMA","6/4/66 6:00",1966,12.7,-84,110,0,10.1942627791467,2568.95422034497
"150","BECKY","7/1/66 18:00",1966,32.4,-57.8,65,0,19.3354379149865,1044.11364740927
"151","CELIA","7/13/66 12:00",1966,19.1,-59.5,70,0,16.2302684098004,3505.73797651688
"152","DOROTHY","7/22/66 18:00",1966,31,-41,75,0,8.0257112720432,1781.70790239359
"153","ELLA","7/22/66 12:00",1966,10,-35,45,0,15.6215790991515,2436.96633946763
"154","FAITH","8/21/66 0:00",1966,12.9,-20.5,110,0,20.0018157067231,8040.72991410271
"155","GRETA","9/1/66 12:00",1966,13.7,-48.4,50,0,11.8725137671755,1852.11214767938
"156","HALLIE","9/20/66 12:00",1966,21.5,-95.4,45,0,3.56875412996928,149.88767345871
"157","INEZ","9/21/66 12:00",1966,9.9,-35.1,130,0,10.2110894118828,4901.32291770375
"158","JUDITH","9/27/66 0:00",1966,10.8,-43.2,45,0,15.3556413089791,1382.00771780812
"159","LOIS","11/4/66 12:00",1966,26.5,-50,70,0,15.4002305485739,3603.6539483663
"160","ARLENE","8/28/67 18:00",1967,15.8,-35.8,75,0,17.213676829958,2995.17976841269
"161","BEULAH","9/5/67 12:00",1967,14,-57,140,0,7.87942319729799,3309.35774286516
"162","CHLOE","9/5/67 0:00",1967,15.4,-20.3,95,0,15.3520857995735,6171.53849142855
"163","DORIA","9/8/67 0:00",1967,28.5,-77.5,75,0,8.45197776264111,2789.15266167156
"164","EDITH","9/26/67 12:00",1967,12.5,-47,50,0,10.0521642374198,1266.57269391489
"165","FERN","10/1/67 18:00",1967,20.3,-93,75,0,6.55644858705394,511.402989790207
"166","GINGER","10/5/67 12:00",1967,17,-18.3,45,0,6.84533624642081,575.008244699348
"167","HEIDI","10/19/67 12:00",1967,20.5,-54,80,0,11.1998954762222,3628.76613429599
"168","UNNAMED","6/10/67 12:00",1967,18,-85,0,0,28.4179840647872,44502.5630454567
"169","ABBY","6/1/68 6:00",1968,17.2,-85.5,65,0,7.16266410966064,2191.77521755616
"170","BRENDA","6/17/68 12:00",1968,24,-80.5,65,0,13.5460320850019,3007.21912287043
"171","CANDY","6/22/68 18:00",1968,20,-96,60,0,23.3658926393639,2102.93033754275
"172","DOLLY","8/10/68 0:00",1968,25,-79,70,0,20.0007128355412,3480.12403338417
"173","EDNA","9/11/68 18:00",1968,12.7,-21.1,55,0,12.6019195064267,2343.95702819537
"174","FRANCES","9/23/68 12:00",1968,26,-74,50,0,13.9513562576514,2511.24412637725
"175","GLADYS","10/13/68 12:00",1968,14,-80.5,75,0,13.9105129633569,2837.74464452481
"176","NAOMI","9/13/68 12:00",1968,28.5,-103.5,25,0,0,0
"177","SUBTROP:SUBTROP 1","9/14/68 12:00",1968,31.5,-73,70,0,11.8833885197725,2709.41258250812
"178","UNNAMED","7/4/68 0:00",1968,27.9,-88.8,30,0,26.3510307332976,15494.406071179
"179","ANNA","7/25/69 6:00",1969,9.2,-27,60,0,22.6118486106683,6240.87021654444
"180","BLANCHE","8/11/69 0:00",1969,28.1,-71.7,75,0,36.5941703325557,2195.65021995334
"181","CAMILLE","8/14/69 18:00",1969,19.4,-82,165,0,17.730759313464,3404.30578818508
"182","DEBBIE","8/14/69 12:00",1969,13,-35.5,105,0,18.4883750638372,4991.86126723604
"183","EVE","8/25/69 0:00",1969,29.5,-78.5,50,0,9.78850805615193,704.772580042939
"184","FRANCELIA","8/29/69 0:00",1969,11.5,-62,100,0,11.8772697057005,1924.11769232348
"185","GERDA","9/6/69 0:00",1969,24.5,-77,110,0,20.6202965664741,2350.71380857805
"186","HOLLY","9/14/69 12:00",1969,11.9,-47.4,75,0,8.75837518828702,1418.8567805025
"187","INGA","9/20/69 12:00",1969,16,-47,100,0,7.07004064846553,4199.60414518853
"188","JENNY","10/1/69 12:00",1969,19,-83.7,40,0,11.2821053512464,1489.23790636452
"189","KARA","10/7/69 12:00",1969,20.5,-68,90,0,16.3196268324689,4700.05252775106
"190","LAURIE","10/17/69 0:00",1969,17.3,-85.1,90,0,7.28083716368917,1834.77096524967
"191","MARTHA","11/21/69 12:00",1969,10.3,-81,80,0,1.48255237450854,142.32502795282
"192","SUBTROP:SUBTROP 1:UNNAMED","9/29/69 6:00",1969,23.5,-85.1,30,0,8.462580107759,558.530287112094
"193","UNNAMED","5/29/69 0:00",1969,12,-82,65,0,28.2441438221157,38129.5941598562
"194","ALMA","5/17/70 18:00",1970,11.5,-79,70,0,10.1289472208498,2370.17364967886
"195","BECKY","7/19/70 0:00",1970,18.5,-83.5,55,0,12.426696178753,1416.64336437784
"196","CELIA","7/31/70 0:00",1970,18.5,-82.5,110,0,12.8533415612949,1850.88118482646
"197","DOROTHY","8/17/70 12:00",1970,11,-41,60,0,15.2087726195086,2281.3158929263
"198","ELLA","9/8/70 12:00",1970,15.3,-83.5,110,0,11.2900416183979,1354.80499420775
"199","FELICE","9/12/70 0:00",1970,25.5,-77.5,60,0,10.9503346101252,1511.14617619728
"200","GRETA","9/26/70 12:00",1970,22.4,-75.4,45,0,8.06990251530885,1694.67952821486
"201","ORLENE","9/9/70 0:00",1970,17,-94,25,0,0,0
"202","UNNAMED","7/27/70 12:00",1970,33,-76.5,90,0,24.614888266553,40762.2549694118
"203","ARLENE","7/4/71 12:00",1971,33.5,-75.5,55,0,18.6514620453777,1678.631584084
"204","BETH","8/10/71 12:00",1971,26.7,-79.9,75,0,11.7157892442481,2038.54732849917
"205","CHLOE","8/18/71 12:00",1971,13,-52.5,55,0,14.2558468980156,2480.51736025472
"206","DORIA","8/20/71 12:00",1971,11.5,-47,55,0,17.9396910301421,3874.97326251068
"207","EDITH","9/5/71 18:00",1971,11.4,-58,140,0,12.980500437274,3972.03313380583
"208","FERN","9/3/71 12:00",1971,27.5,-87.5,80,0,5.10437039123888,1194.4226715499
"209","GINGER","9/6/71 0:00",1971,25.5,-71.5,95,0,6.53606257381411,4627.53230226039
"210","HEIDI","9/11/71 0:00",1971,27.1,-72,55,0,13.6403642773092,1391.31715628554
"211","IRENE:OLIVIA","9/11/71 18:00",1971,11,-48.5,70,0,12.8080990874366,2459.15502478784
"212","JANICE","9/21/71 6:00",1971,11.5,-38.8,55,0,17.3509673452141,1561.58706106927
"213","KRISTY","10/18/71 0:00",1971,25,-58.5,45,0,22.7318010953441,2182.25290515304
"214","LAURA","11/12/71 12:00",1971,12,-78.5,60,0,6.36392258193837,1450.97434868195
"215","UNNAMED","7/7/71 12:00",1971,29,-92,75,0,32.5473738395383,31050.1946429196
"216","AGNES","6/14/72 12:00",1972,20,-89,75,0,9.99233059357209,2098.38942465014
"217","ALPHA","5/23/72 18:00",1972,31.2,-78.2,60,0,9.07515039118893,1306.82165633121
"218","BETTY","8/22/72 12:00",1972,36.5,-64,90,0,9.84084637819281,2479.89328730459
"219","CARRIE","8/29/72 12:00",1972,29,-78.5,60,0,10.0916907337855,1755.95418767867
"220","CHARLIE","9/19/72 12:00",1972,37.5,-59.5,60,0,27.6993577035249,1828.15760843264
"221","DAWN","9/5/72 0:00",1972,23.8,-79.4,70,0,10.6088141793203,2482.46251796096
"222","DELTA","11/1/72 18:00",1972,35,-47.5,40,0,6.81860798044818,1022.79119706723
"223","UNNAMED","6/19/72 0:00",1972,27.5,-69,30,0,33.9367434223695,35429.9601329537
"224","ALFA","7/30/73 12:00",1973,32.6,-74.1,40,0,13.0667860555718,862.407879667741
"225","ALICE","7/1/73 18:00",1973,26,-67.8,80,0,14.5811819840059,1924.71602188878
"226","BRENDA","8/18/73 6:00",1973,20.5,-83.7,80,0,7.98243852619723,766.314098514934
"227","CHRISTINE","8/25/73 12:00",1973,11,-14,60,0,14.5022757567764,3654.57349070764
"228","DELIA","9/1/73 18:00",1973,20.5,-86.5,60,0,10.8778626376453,1501.14504399505
"229","ELLEN","9/14/73 12:00",1973,10.5,-22.4,100,0,21.7887148481439,4837.09469628794
"230","FRAN","10/8/73 18:00",1973,30,-65.8,70,0,29.0932581531196,3491.19097837435
"231","GILDA","10/16/73 6:00",1973,16.3,-82,60,0,11.9215532829874,4005.64190308377
"232","UNNAMED","4/18/73 12:00",1973,24,-65,30,0,35.5973640860232,21785.5868206462
"233","ALMA","8/12/74 12:00",1974,10.5,-43,55,0,23.5806972798473,1839.29438782809
"234","BECKY","8/26/74 12:00",1974,27,-69,100,0,14.1322063156574,2374.21066103044
"235","CARMEN","8/29/74 6:00",1974,16.8,-55.8,130,0,11.5257944859379,3388.58357886575
"236","DOLLY","9/2/74 18:00",1974,27.2,-67.9,45,0,22.0620660291415,1588.46875409819
"237","ELAINE","9/4/74 18:00",1974,14.7,-50.5,60,0,15.441707044986,3520.7092062568
"238","FIFI","9/14/74 12:00",1974,15.3,-65,95,0,12.4598858613501,2018.50150953872
"239","GERTRUDE","9/27/74 12:00",1974,10.7,-45.1,65,0,9.69574199288155,1570.71020284681
"240","SUBTROP:SUBTROP 1","6/24/74 18:00",1974,24,-88,55,0,27.8710665234911,1003.35839484568
"241","SUBTROP:SUBTROP 2","7/16/74 0:00",1974,29,-75,45,0,18.9694714041382,2162.51974007175
"242","SUBTROP:SUBTROP 3","8/10/74 12:00",1974,38,-70,50,0,8.81570689076419,1004.99058554712
"243","SUBTROP:SUBTROP 4","10/4/74 0:00",1974,21,-75.2,45,0,14.2803718164698,1799.3268488752
"244","UNNAMED","6/22/74 12:00",1974,19,-95,30,0,34.859209618917,29072.5808221768
"245","AMY","6/27/75 0:00",1975,27.5,-79,60,981,13.0524212838156,2427.75035878971
"246","BLANCHE","7/24/75 0:00",1975,26,-68.4,75,980,16.1167876556001,1934.01451867201
"247","CAROLINE","8/24/75 12:00",1975,22.4,-69.8,100,963,9.97251732156376,1974.55842966962
"248","DORIS","8/28/75 12:00",1975,33.3,-46.3,95,965,6.8573707732183,1193.18251453998
"249","ELOISE","9/13/75 6:00",1975,17.5,-54.1,110,0,12.5834702244753,3548.53860330204
"250","FAYE","9/18/75 6:00",1975,17.5,-33.5,90,0,16.5700322020992,4573.32888777938
"251","GLADYS","9/22/75 18:00",1975,10.3,-34.8,120,939,19.5377640281719,5392.42287177545
"252","HALLIE","10/24/75 18:00",1975,29.1,-79.3,45,1002,10.0598450851667,845.026987154002
"253","SUBTROP:SUBTROP 2","12/9/75 12:00",1975,41.6,-42.9,60,0,17.1133889406287,1745.56567194413
"254","UNNAMED","6/24/75 12:00",1975,32.5,-52,30,0,35.5576403604901,37335.5223785146
"255","ANNA","7/28/76 18:00",1976,28,-52.3,45,0,14.0369561537419,3116.20426613071
"256","BELLE","8/6/76 6:00",1976,26,-72.8,105,957,12.3978697416056,1338.96993209341
"257","CANDICE","8/18/76 12:00",1976,31.7,-68.2,80,0,13.1751682828863,1976.27524243294
"258","DOTTIE","8/18/76 0:00",1976,26,-84,45,0,9.20459556428941,828.413600786047
"259","EMMY","8/20/76 12:00",1976,14,-48,90,0,13.1992547556965,4910.12276911912
"260","FRANCES","8/27/76 12:00",1976,12.5,-37.5,100,0,15.3112992157166,4134.05078824348
"261","GLORIA","9/26/76 12:00",1976,23,-58,90,970,10.6511492539742,2236.74134333457
"262","HOLLY","10/22/76 18:00",1976,19.1,-55.8,65,0,17.2970093041591,2698.33345144882
"263","NAOMI","10/30/76 12:00",1976,26,-103.2,25,0,0,0
"264","SUBTROP:SUBTROP 1","5/21/76 12:00",1976,24,-89,45,994,17.0361322356645,1839.90228145176
"265","SUBTROP:SUBTROP 3","9/13/76 12:00",1976,28,-81.5,40,1011,7.45422204240598,670.879983816538
"266","UNNAMED","6/7/76 6:00",1976,26.8,-79,30,0,34.992480600162,30863.3678893429
"267","ANITA","8/29/77 12:00",1977,26.9,-88.4,150,926,6.85020500633915,739.822140684628
"268","BABE","9/3/77 6:00",1977,26.8,-86.3,65,0,9.61503714320371,1384.56534862133
"269","CLARA","9/5/77 12:00",1977,32.8,-80,65,993,11.193462537946,1813.34093114726
"270","DOROTHY","9/26/77 18:00",1977,28.5,-71.5,75,980,22.251253554432,2002.61281989888
"271","EVELYN","10/13/77 18:00",1977,26.9,-62.9,70,994,26.91718241706,1615.0309450236
"272","FRIEDA","10/16/77 18:00",1977,17.3,-83.2,50,1005,5.66238293040931,339.742975824559
"273","UNNAMED","6/13/77 12:00",1977,25,-94.5,30,0,54.4118052175031,22200.0165287413
"274","AMELIA","7/30/78 18:00",1978,25.7,-97,45,1005,7.89235577869841,284.124808033143
"275","BESS","8/5/78 12:00",1978,25.3,-90.4,45,1005,7.61344998101491,593.849098519163
"276","CORA","8/7/78 12:00",1978,13,-35,80,980,20.1597067604334,2298.20657068941
"277","DEBRA","8/26/78 12:00",1978,23.4,-88.4,50,0,11.839578007378,994.524552619748
"278","ELLA","8/30/78 0:00",1978,26.2,-59.7,120,956,17.4249003443466,2822.83385578415
"279","FLOSSIE","9/4/78 0:00",1978,12,-39,85,0,16.8172904681319,5045.18714043958
"280","GRETA","9/13/78 18:00",1978,11,-62.5,115,0,13.5613524308037,1952.83475003573
"281","HOPE","9/12/78 0:00",1978,29.8,-80,55,0,18.5005229816248,4329.1223777002
"282","IRMA","10/2/78 12:00",1978,31.7,-31.5,45,0,10.2197404447873,858.45819736213
"283","JULIET","10/7/78 18:00",1978,18,-55.6,45,1006,15.5645337986689,1494.19524467221
"284","KENDRA","10/28/78 18:00",1978,23.5,-72.7,70,0,22.9736700739407,3308.20849064746
"285","SUBTROP:SUBTROP 1","1/18/78 12:00",1978,22,-44,40,0,11.738443706897,1338.18258258626
"286","UNNAMED","6/21/78 12:00",1978,25.2,-86.5,30,0,39.8851447206736,44272.5106399477
"287","ANA","6/19/79 12:00",1979,10,-45,50,1005,13.1392890208079,1497.8789483721
"288","BOB","7/9/79 12:00",1979,22,-96,65,986,12.961523695736,2255.30512305807
"289","CLAUDETTE","7/15/79 12:00",1979,12.5,-46.3,45,997,14.4701344468604,4948.78598082625
"290","DAVID","8/25/79 12:00",1979,11.7,-36.1,150,924,17.4194940630213,5748.43304079702
"291","ELENA","8/30/79 0:00",1979,25.5,-89.1,35,1004,7.34241541250897,572.708402175699
"292","FREDERIC","8/29/79 6:00",1979,11,-25.5,115,943,15.5878774246673,6359.85398926425
"293","GLORIA","9/4/79 12:00",1979,15.5,-21,85,975,13.1577462045816,3473.64499800953
"294","HENRI","9/15/79 0:00",1979,20.3,-86.8,75,983,6.68925923399665,1565.28666075522
"295","SUBTROP:SUBTROP 1","10/23/79 12:00",1979,29,-66,65,980,30.2249734599012,1632.14856683466
"296","UNNAMED","6/11/79 12:00",1979,17.4,-81.1,30,0,28.7666040544353,37281.5188545482
"297","ALLEN","7/31/80 12:00",1980,11,-30,165,0,18.3404109228107,5061.95341469577
"298","BONNIE","8/14/80 0:00",1980,12.7,-35.5,85,975,19.0832876873107,2747.99342697275
"299","CHARLEY","8/20/80 12:00",1980,36,-73,70,989,17.2963835709359,2283.12263136354
"300","DANIELLE","9/4/80 18:00",1980,28.3,-90.6,50,1004,8.25602887357669,594.434078897522
"301","EARL","9/4/80 12:00",1980,17.7,-24,65,0,21.7144274556277,3517.73724781169
"302","FRANCES","9/6/80 0:00",1980,12.5,-19,100,958,13.2619792835756,4853.88441778867
"303","GEORGES","9/1/80 0:00",1980,15.6,-38,70,993,21.9324683086939,4211.03391526923
"304","HERMINE","9/20/80 12:00",1980,14.6,-77.2,60,993,11.5815869404693,1320.3009112135
"305","IVAN","10/1/80 0:00",1980,33.6,-20,90,970,14.460820055493,3904.4214149831
"306","JEANNE","11/7/80 18:00",1980,13.6,-82.6,85,986,7.57202118026046,1590.1244478547
"307","KARL","11/25/80 0:00",1980,36,-46,75,985,15.0197895146861,1171.54358214552
"308","UNNAMED","7/17/80 0:00",1980,30.5,-76.5,30,0,24.535022585657,17518.0061261591
"309","ARLENE","5/6/81 18:00",1981,18.4,-83.6,50,999,14.0683302840597,928.509798747939
"310","BRET","6/29/81 12:00",1981,36,-65,60,0,14.7721973647558,797.698657696812
"311","CINDY","8/2/81 18:00",1981,36.1,-67.8,50,1002,15.139593314936,1090.05071867539
"312","DENNIS","8/7/81 6:00",1981,10.5,-25.7,70,0,16.3459869404132,5884.55529854874
"313","EMILY","8/31/81 12:00",1981,29.8,-72.7,80,966,9.4151967897807,2655.08549471816
"314","FLOYD","9/3/81 12:00",1981,16.2,-60.3,100,975,15.469307221952,3434.18620327334
"315","GERT","9/7/81 0:00",1981,14.8,-54,90,988,21.0284595145335,4542.14725513923
"316","HARVEY","9/11/81 18:00",1981,14,-49,115,946,16.5532673420169,3376.86653777145
"317","IRENE","9/21/81 12:00",1981,13.5,-32.5,105,0,18.997263693392,5471.21194369689
"318","JOSE","10/29/81 12:00",1981,25,-47.5,45,0,17.8282581903233,1604.5432371291
"319","KATRINA","11/3/81 0:00",1981,16.9,-81.2,75,980,11.3056017485319,1356.67220982383
"320","SUBTROP:SUBTROP 3","11/12/81 12:00",1981,31,-74,60,978,8.85156729404836,1062.1880752858
"321","UNNAMED","4/6/81 12:00",1981,21,-61.5,30,0,35.4456956471407,26796.9459092384
"322","ALBERTO","6/2/82 12:00",1982,21.7,-87.1,75,985,5.66118508481642,577.440878651275
"323","BERYL","8/28/82 12:00",1982,13.7,-22.2,60,989,12.5547592644902,2787.15655671683
"324","CHRIS","9/9/82 0:00",1982,26.2,-91,55,994,8.024133104321,770.316778014816
"325","DEBBY","9/13/82 12:00",1982,19.8,-69.5,115,950,21.3575125414796,3844.35225746632
"326","ERNESTO","9/30/82 12:00",1982,24.8,-65.4,60,997,14.0942840593441,930.22274791671
"327","SUBTROP:SUBTROP 1","6/18/82 0:00",1982,25.8,-86.4,60,984,30.1976081241768,2174.22778494073
"328","UNNAMED","9/6/82 0:00",1982,16.8,-53,30,0,15.0025884974707,2700.46592954473
"329","ALICIA","8/15/83 12:00",1983,27.3,-90.5,100,963,8.88541230026371,1279.49937123797
"330","BARRY","8/23/83 18:00",1983,26,-76,70,986,11.6736838070079,1681.01046820913
"331","CHANTAL","9/10/83 12:00",1983,30.2,-64.4,65,994,10.639956386755,1276.7947664106
"332","DEAN","9/26/83 18:00",1983,28,-73,55,999,8.77739790005124,895.294585805226
"333","UNNAMED","7/23/83 12:00",1983,10,-38,30,0,25.6270762536513,7226.83550352968
"334","ARTHUR","8/28/84 18:00",1984,10.5,-51,45,1004,8.33231599014075,1649.79856604787
"335","BERTHA","8/30/84 12:00",1984,13.1,-41,35,1007,15.5938005138175,2058.38166782391
"336","CESAR","8/31/84 0:00",1984,36.6,-66.9,50,989,16.0747821706194,1157.3843162846
"337","DIANA","9/8/84 12:00",1984,28.5,-77.4,115,949,10.8355221736381,2080.42025733851
"338","EDOUARD","9/14/84 0:00",1984,20.3,-96.1,55,998,2.06026351155417,86.5310674852751
"339","FRAN","9/15/84 12:00",1984,13.7,-21.3,55,994,13.0466154066148,1643.87354123346
"340","GUSTAV","9/16/84 18:00",1984,28.6,-65.5,45,1006,7.02630494321583,463.736126252245
"341","HORTENSE","9/23/84 0:00",1984,31.3,-58.3,65,993,12.1988919750517,2927.73407401241
"342","ISIDORE","9/25/84 12:00",1984,23.4,-73,50,999,13.7070160145803,2056.05240218705
"343","JOSEPHINE","10/7/84 6:00",1984,24.1,-68.9,90,965,10.5970060532792,3560.59403390181
"344","KLAUS","11/5/84 18:00",1984,14.7,-68.8,80,971,13.1610827252457,2605.89437959865
"345","LILI","12/12/84 12:00",1984,34.5,-60.5,70,980,13.4916794425972,3966.55375612357
"346","SUBTROP:SUBTROP 1","8/18/84 6:00",1984,33,-65,50,1000,21.3434755230251,1792.85194393411
"347","UNNAMED","6/11/84 12:00",1984,28,-75.5,30,0,35.419413031941,17001.3182553317
"348","ANA","7/15/85 18:00",1985,29.4,-64.2,60,996,16.7335402688995,1606.41986581435
"349","BOB","7/21/85 6:00",1985,26,-85,65,1002,9.47160284118791,1136.59234094255
"350","CLAUDETTE","8/9/85 18:00",1985,31.5,-80.5,75,980,19.3709877938187,3486.77780288737
"351","DANNY","8/12/85 0:00",1985,18.5,-80.7,80,988,12.5284797602525,2706.15162821454
"352","ELENA","8/28/85 0:00",1985,19.8,-74,110,953,12.4913465463041,2398.3385368904
"353","FABIAN","9/15/85 18:00",1985,23.6,-70.8,55,994,19.1180816844375,1835.335841706
"354","GLORIA","9/16/85 12:00",1985,13.3,-23.6,125,920,18.3136857928382,6922.57322969285
"355","HENRI","9/21/85 18:00",1985,29.6,-74.3,50,996,10.0910863876891,847.651256565882
"356","ISABEL","10/7/85 0:00",1985,17.8,-69.2,60,997,9.78796689958628,2055.47304891312
"357","JUAN","10/26/85 0:00",1985,24.5,-90.5,75,971,10.1058742358992,1697.78687163106
"358","KATE","11/15/85 18:00",1985,21.1,-63.8,105,954,14.3861803252358,2848.46370439669
"359","UNNAMED","9/8/85 12:00",1985,20,-27,30,0,19.6243582527098,4827.59213016661
"360","ANDREW","6/5/86 0:00",1986,26.2,-75.8,45,999,12.0761855495607,1159.31381275782
"361","BONNIE","6/23/86 18:00",1986,25.6,-87.2,75,992,9.77105534628048,1172.52664155366
"362","CHARLEY","8/13/86 12:00",1986,30.1,-84,70,980,14.9781363988305,4763.04737482809
"363","DANIELLE","9/7/86 6:00",1986,10.5,-52,50,1000,21.6555286509824,1819.06440668252
"364","EARL","9/10/86 18:00",1986,21.8,-50.8,90,979,14.2460809824096,3248.10646398938
"365","FRANCES","11/18/86 18:00",1986,22.8,-62.8,75,1000,8.88942673815524,693.375285576109
"366","UNNAMED","7/23/86 12:00",1986,24,-54.9,30,0,36.7341785952426,13665.1144374303
"367","ARLENE","8/8/87 0:00",1987,34.3,-77.5,65,987,13.6915953803049,6654.11535482818
"368","BRET","8/18/87 0:00",1987,14.8,-20,45,1000,15.8586984176798,2473.95695315805
"369","CINDY","9/5/87 12:00",1987,15.2,-31.3,45,1000,17.7879962782991,2348.01550873548
"370","DENNIS","9/8/87 18:00",1987,10.8,-18.4,45,1000,12.66225434855,3722.70277847369
"371","EMILY","9/20/87 0:00",1987,9.8,-51.3,110,958,27.1783180488061,4565.95743219943
"372","FLOYD","10/9/87 6:00",1987,15,-82.6,65,993,12.8556437182182,1542.67724618619
"373","UNNAMED","5/24/87 12:00",1987,21.2,-68.5,40,0,23.0445284305779,19495.6710522689
"374","ALBERTO","8/5/88 18:00",1988,32,-77.5,35,1002,22.1025173461525,1723.99635299989
"375","BERYL","8/8/88 0:00",1988,30.4,-90.3,45,1001,5.806194430295,418.04599898124
"376","CHRIS","8/21/88 12:00",1988,14.9,-43.3,45,1005,20.2153894045072,4609.10878422764
"377","DEBBY","8/31/88 18:00",1988,20.1,-91,65,987,7.21672867774919,519.604464797942
"378","ERNESTO","9/3/88 0:00",1988,32.5,-60.5,55,994,34.6944115147573,1873.49822179689
"379","FLORENCE","9/7/88 6:00",1988,22.8,-92,70,983,9.65608813548425,1042.8575186323
"380","GILBERT","9/8/88 18:00",1988,12,-54,160,888,18.0637327473011,4985.5902382551
"381","HELENE","9/19/88 18:00",1988,13.4,-31.6,125,938,16.0351474999639,4233.27893999047
"382","ISAAC","9/28/88 18:00",1988,9,-45.5,40,1005,15.255691134458,1098.40976168098
"383","JOAN:MIRIAM","10/10/88 18:00",1988,8.9,-42.2,125,932,10.2378392311963,3009.92473397171
"384","KEITH","11/17/88 18:00",1988,14.9,-74.3,65,945,21.6627877158482,4809.13887291831
"385","UNNAMED","9/7/88 0:00",1988,12.5,-17.5,50,994,12.2016201534247,951.72637196713
"386","ALLISON","6/24/89 18:00",1989,27,-96,45,999,4.65586017740124,782.184509803408
"387","BARRY","7/9/89 18:00",1989,12.8,-37.8,45,1005,14.9455450378463,1614.1188640874
"388","CHANTAL","7/30/89 12:00",1989,22.5,-90,70,984,11.0849725875566,997.647532880097
"389","COSME","6/22/89 18:00",1989,20.7,-98.8,35,1005,15.3362578263919,368.070187833406
"390","DEAN","7/31/89 6:00",1989,14.8,-41.8,90,968,19.1306844926444,4247.01195736706
"391","ERIN","8/18/89 0:00",1989,14.3,-22.4,90,968,16.7055620301543,3708.63477069425
"392","FELIX","8/26/89 0:00",1989,16.8,-21,75,979,10.179331110269,3847.78715968167
"393","GABRIELLE","8/30/89 12:00",1989,11.6,-21,125,937,13.5866694938025,4646.64096688047
"394","HUGO","9/10/89 12:00",1989,13.2,-20,140,918,19.1738671628531,7017.63538160422
"395","IRIS","9/16/89 18:00",1989,11.3,-44,60,1001,14.8623545897045,1872.65667830277
"396","JERRY","10/12/89 12:00",1989,19.4,-92.4,75,983,9.83346091770049,1062.01377911165
"397","KAREN","11/28/89 12:00",1989,17.1,-84,50,1000,5.49773258053501,791.673491597042
"398","NOT NAMED","6/15/89 18:00",1989,20.7,-94.3,30,0,27.3651737509391,10508.2267203606
"399","RAYMOND","10/5/89 18:00",1989,33.4,-108,20,1007,0,0
"400","ARTHUR","7/22/90 6:00",1990,8.8,-41.9,60,995,18.0085751120042,2377.13191478455
"401","BERTHA","7/24/90 12:00",1990,34,-75,70,973,10.4310527497812,2315.69371045143
"402","CESAR","7/31/90 0:00",1990,10.1,-22.2,45,1000,11.2782784639805,2097.75979430036
"403","DIANA","8/4/90 0:00",1990,13.2,-79.5,85,980,13.5831873349084,1466.98423217011
"404","EDOUARD","8/2/90 18:00",1990,38,-23,40,1003,6.98255433882759,1843.39434545048
"405","FRAN","8/11/90 12:00",1990,9,-32.1,35,0,25.828842679338,2014.64972898837
"406","GUSTAV","8/24/90 6:00",1990,12.6,-45.9,105,956,13.3815068926684,3291.85069559642
"407","HORTENSE","8/25/90 0:00",1990,12.5,-35,55,993,13.5090995963578,2107.41953703182
"408","ISIDORE","9/4/90 0:00",1990,7.2,-23.4,85,978,12.4735446174029,4116.26972374296
"409","JOSEPHINE","9/21/90 6:00",1990,14,-32,75,980,8.56127611034947,3184.79471305
"410","KLAUS","10/3/90 12:00",1990,15.6,-59.3,70,985,7.59524356661394,1139.28653499209
"411","LILI","10/6/90 6:00",1990,36,-44,65,987,15.5901057077823,3554.54410137437
"412","MARCO","10/9/90 12:00",1990,22.5,-79.5,55,989,9.40298249122027,959.104214104467
"413","NANA","10/16/90 0:00",1990,22.2,-60.4,75,989,6.97383434695213,962.389139879393
"414","NOT NAMED","5/24/90 18:00",1990,18.8,-84,30,0,13.7870173241347,3639.77257357156
"415","RACHEL","10/3/90 0:00",1990,28.5,-105,25,1004,0,0
"416","ANA","6/29/91 12:00",1991,25.9,-78,45,1000,16.1710867041537,2425.66300562305
"417","BOB","8/16/91 0:00",1991,25.6,-74.3,100,950,14.4429646704136,4679.520553214
"418","CLAUDETTE","9/4/91 12:00",1991,26.7,-55.9,115,944,11.7827149446117,3039.94045570983
"419","DANNY","9/7/91 0:00",1991,10.4,-25.8,45,998,19.7413135147126,2250.50974067723
"420","ERIKA","9/8/91 18:00",1991,24.2,-49.1,50,997,22.3891729204956,2418.03067541352
"421","FABIAN","10/15/91 0:00",1991,18.9,-85.7,40,1002,16.7828249657205,1006.96949794323
"422","GRACE","10/25/91 18:00",1991,27.1,-64.9,90,0,10.0693146424485,1087.48598138444
"423","NOT NAMED","7/5/91 18:00",1991,23.4,-96.2,65,0,41.1189128245097,12829.100801247
"424","ANDREW","8/16/92 18:00",1992,10.8,-35.5,150,922,14.8200502534228,4623.85567906791
"425","BONNIE","9/17/92 18:00",1992,33.8,-59,95,965,7.94118622398158,2906.47415797726
"426","CHARLEY","9/21/92 18:00",1992,30,-33,95,965,10.7001082215711,1926.01947988279
"427","DANIELLE","9/22/92 12:00",1992,32.5,-74.6,55,1001,6.69404132477333,722.95646307552
"428","EARL","9/26/92 18:00",1992,26.2,-69.1,55,990,10.20236942624,1775.21228016577
"429","FRANCES","10/22/92 12:00",1992,26.3,-60.8,75,976,19.493370418161,3625.76689777795
"430","LESTER","8/24/92 18:00",1992,35,-107,20,1006,0,0
"431","NOT NAMED","6/25/92 12:00",1992,24.5,-85.5,30,0,25.5799230284109,5832.22245047769
"432","SUBTROP:SUBTROP 1","4/21/92 12:00",1992,24,-59,45,1002,5.81465155268091,488.430730425196
"433","ARLENE","6/18/93 0:00",1993,20.5,-91.9,35,1000,7.20692213058309,648.622991752478
"434","BRET","8/4/93 12:00",1993,10.4,-40.3,50,1002,16.5562783435688,2980.13010184238
"435","CINDY","8/14/93 12:00",1993,14.1,-59.5,40,1007,12.0704466148683,869.072156270517
"436","DENNIS","8/23/93 12:00",1993,13.6,-30.8,45,1000,9.25084632077906,1165.60663641816
"437","EMILY","8/22/93 18:00",1993,19.9,-52.6,100,960,10.3688079557192,3794.98371179323
"438","FLOYD","9/7/93 12:00",1993,24.7,-67.5,70,966,29.5703215999901,4080.70438079864
"439","GERT","9/14/93 18:00",1993,10.6,-80.7,85,970,9.08458723971962,1471.70313283458
"440","HARVEY","9/18/93 18:00",1993,26.7,-61.8,65,990,22.4535071014593,1751.37355391383
"441","LIDIA","9/13/93 18:00",1993,27.9,-104.2,35,1001,21.5789729532283,388.421513158109
"442","NOT NAMED","9/29/93 18:00",1993,30,-63.2,30,0,23.0936056113367,692.808168340101
"443","ONE","5/31/93 12:00",1993,21.5,-84,35,999,19.6111643234905,1294.33684535037
"444","ALBERTO","6/30/94 6:00",1994,21.7,-83.6,55,993,6.36936893685275,1222.91883587573
"445","BERYL","8/14/94 12:00",1994,28.7,-87.2,50,999,11.3599242344983,1363.19090813979
"446","CHRIS","8/16/94 12:00",1994,11.3,-39.4,70,979,18.4972456656718,3329.50421982093
"447","DEBBY","9/9/94 12:00",1994,13.1,-56.8,60,1006,14.2853503026894,685.696814529093
"448","ERNESTO","9/21/94 18:00",1994,10.1,-29.9,50,997,5.71364910467018,617.07410330438
"449","FLORENCE","11/2/94 0:00",1994,22.7,-47,95,972,14.0519508904047,2360.727749588
"450","GORDON","11/8/94 12:00",1994,11.9,-82.3,75,980,10.181778325079,3543.25885712749
"451","NOT NAMED","7/20/94 6:00",1994,32.2,-78.9,30,0,53.7394942044162,12575.0416438334
"452","ROSA","10/15/94 0:00",1994,28,-101.5,25,1010,0,0
"453","ALLISON","6/3/95 0:00",1995,17.4,-84.3,65,982,19.8285841287987,4164.00266704774
"454","BARRY","7/5/95 6:00",1995,32,-72,60,989,9.93779502643246,1431.04248380627
"455","CHANTAL","7/12/95 0:00",1995,17.1,-54.9,60,991,18.241391118037,4487.38221503709
"456","DEAN","7/28/95 18:00",1995,26.2,-86.6,40,999,6.9116307914439,912.335264470594
"457","ERIN","7/31/95 0:00",1995,22.3,-73.2,85,973,11.2729267418879,2029.12681353982
"458","FELIX","8/8/95 0:00",1995,14.3,-30.8,120,929,17.5390341999688,7261.16015878707
"459","GABRIELLE","8/9/95 18:00",1995,23.7,-94.8,60,988,4.02858701447995,265.886742955677
"460","HUMBERTO","8/22/95 0:00",1995,13.2,-33,95,968,11.4872737854155,2825.86935121222
"461","IRIS","8/22/95 12:00",1995,13.2,-49.3,95,957,13.8241619379903,5474.36812744417
"462","JERRY","8/22/95 18:00",1995,23.7,-78.7,35,1002,6.80882065096744,898.764325927702
"463","KAREN","8/26/95 12:00",1995,15.4,-32.7,45,1000,13.1948082691724,2454.23433806606
"464","LUIS","8/27/95 12:00",1995,11.3,-22.7,120,935,15.828262050353,6267.99177193977
"465","MARILYN","9/12/95 18:00",1995,11.7,-50.9,100,949,9.69854386129565,4597.10979025414
"466","NOEL","9/26/95 18:00",1995,10.4,-37.7,65,987,9.94565683094795,2685.32734435595
"467","NOT NAMED","8/5/95 18:00",1995,20.2,-95.2,30,0,35.9728078765267,5395.921181479
"468","OPAL","9/27/95 18:00",1995,19.1,-87.3,130,916,10.1599046228075,2377.41768173696
"469","PABLO","10/4/95 18:00",1995,8.3,-31.4,50,994,18.9314952311962,1817.42354219484
"470","ROXANNE","10/7/95 18:00",1995,14,-82.1,100,956,5.86220265593556,1969.70009239435
"471","SEBASTIEN","10/20/95 12:00",1995,13.8,-53.8,55,1001,10.5475865505484,1202.42486676252
"472","TANYA","10/27/95 0:00",1995,24.6,-59.2,75,970,18.2524545883476,3175.92709837249
"473","ARTHUR","6/17/96 18:00",1996,26.8,-77.8,45,992,21.9334169404991,2895.21103614588
"474","BERTHA","7/5/96 0:00",1996,9.8,-34,100,960,20.9115571137878,6398.93647681908
"475","CESAR","7/24/96 18:00",1996,11.8,-62.6,75,985,15.3435888369331,1472.98452834557
"476","DOLLY","8/19/96 6:00",1996,17.3,-80.2,70,989,10.7500163258756,1290.00195910507
"477","EDOUARD","8/19/96 18:00",1996,12.4,-19.9,125,933,14.2197943988608,6228.26994670103
"478","FRAN","8/23/96 12:00",1996,14,-21,105,946,12.8467969748734,5549.8162931453
"479","GUSTAV","8/26/96 0:00",1996,12.7,-23,40,1005,11.198817030563,1948.59416331796
"480","HORTENSE","9/3/96 12:00",1996,14.9,-41,120,935,14.2588921557679,4534.32770553419
"481","ISIDORE","9/24/96 12:00",1996,8.6,-23.3,100,960,17.4667971878472,3458.42584319374
"482","JOSEPHINE","10/4/96 18:00",1996,22.7,-96.2,60,970,20.6336009190683,5818.67545917727
"483","KYLE","10/11/96 12:00",1996,17.3,-86.5,45,1001,4.01121111860438,168.470866981384
"484","LILI","10/14/96 12:00",1996,12.8,-80.4,100,960,16.4539481647048,5923.42133929372
"485","MARCO","11/13/96 12:00",1996,10.5,-77.5,65,983,6.49457837421934,2104.24339324707
"486","ANA","6/30/97 12:00",1997,32,-77.2,40,1000,11.8292137833718,1348.53037130439
"487","BILL","7/11/97 6:00",1997,30.4,-69.9,65,986,22.1558567233246,1329.35140339948
"488","CLAUDETTE","7/13/97 0:00",1997,31.3,-73.6,40,1003,11.4510892060019,1099.30456377619
"489","DANNY","7/16/97 12:00",1997,27.4,-92.6,70,984,10.7025074803699,2889.67701969986
"490","ERIKA","9/3/97 6:00",1997,10.9,-44.1,110,946,13.2043550446454,5308.15072794747
"491","FABIAN","10/4/97 18:00",1997,24.2,-64.5,40,1004,11.0670073769816,1128.83475245212
"492","GRACE","10/14/97 12:00",1997,20,-68.7,40,999,19.9013087449325,1552.30208210474
"493","NOT NAMED","7/17/97 6:00",1997,12,-51.5,30,0,12.71790724865,610.459547935202
"494","RICK","11/10/97 18:00",1997,17,-93,25,1009,0,0
"495","SUBTROP","5/31/97 18:00",1997,28.5,-77.4,45,1003,20.1498724326081,1088.09311136084
"496","ALEX","7/27/98 12:00",1998,11.3,-25.4,45,1002,15.566713506618,2428.40730703241
"497","BONNIE","8/19/98 12:00",1998,14.7,-48.1,100,954,16.0834009563164,4632.01947541913
"498","CHARLEY","8/21/98 6:00",1998,25.3,-92.3,60,1001,8.78556513549861,632.5606897559
"499","DANIELLE","8/24/98 6:00",1998,13.4,-34.3,90,960,18.4966227251509,6769.76391740525
"500","EARL","8/31/98 12:00",1998,21.6,-93.5,85,964,21.739452055208,4304.41150693118
"501","FRANCES","9/8/98 18:00",1998,25.5,-94.5,55,990,7.53728892494312,949.698404542834
"502","GEORGES","9/15/98 12:00",1998,9.7,-25.1,135,937,13.2019871155832,5069.56305238394
"503","HERMINE","9/17/98 12:00",1998,26.9,-90.3,40,999,7.41142050275676,622.559322231568
"504","IVAN","9/19/98 0:00",1998,13.4,-26.6,80,975,16.4319499083265,3549.30118019852
"505","JEANNE","9/21/98 6:00",1998,9.6,-17.4,90,969,14.269665725694,4623.37169512485
"506","KARL","9/23/98 12:00",1998,33.3,-65.4,90,970,22.8107914013933,3558.48345861736
"507","LISA","10/5/98 0:00",1998,13.9,-46.4,65,995,24.6841119848693,3110.19811009353
"508","MITCH","10/22/98 0:00",1998,11.6,-76.1,155,905,17.8383991857268,7385.09726289089
"509","NICOLE","11/24/98 0:00",1998,28.3,-28,75,979,15.5228058545332,3259.78922945197
"510","ARLENE","6/11/99 18:00",1999,27.1,-58.1,50,1006,5.57325628196646,869.427979986768
"511","BRET","8/18/99 18:00",1999,19.5,-94.4,125,944,6.17526024609864,963.340598391388
"512","CINDY","8/19/99 0:00",1999,13.5,-18.9,120,942,12.8532578479169,3933.09690146258
"513","DENNIS","8/24/99 0:00",1999,21.5,-67.7,90,962,7.80014578288783,2995.25598062893
"514","EMILY","8/24/99 6:00",1999,11.5,-53.6,45,1004,8.8532553006453,956.151572469692
"515","FLOYD","9/7/99 18:00",1999,14.6,-45.6,135,921,16.4626482453072,4741.24269464846
"516","GERT","9/11/99 12:00",1999,12.6,-24.2,130,930,14.7470306898427,4335.62702281376
"517","HARVEY","9/19/99 6:00",1999,25,-87.8,50,994,8.99999860579993,701.999891252394
"518","IRENE","10/12/99 12:00",1999,15.9,-82,95,958,18.8161001115603,3499.79462075022
"519","JOSE","10/17/99 18:00",1999,9.8,-50.8,85,979,15.1393781899068,2906.76061246211
"520","KATRINA","10/28/99 18:00",1999,11.4,-80.9,35,999,9.84524878322102,945.143883189218
"521","LENNY","11/13/99 18:00",1999,16.7,-81.6,135,933,9.00072339168982,2106.16927365542
"522","NOT NAMED","7/2/99 18:00",1999,20.2,-95,30,0,25.4997093195712,5048.94244527509
"523","ALBERTO","2000-08-03 18:00:00",2000,10.8,-18,110,950,16.1109721482618,8409.92746139268
"524","BERYL","2000-08-13 18:00:00",2000,22.5,-93.5,45,1007,8.19005160430764,442.262786632613
"525","CHRIS","2000-08-17 12:00:00",2000,14.2,-51.9,35,1008,11.7396780202911,633.942613095718
"526","DEBBY","2000-08-19 18:00:00",2000,12,-44.5,75,991,16.3016477648619,2249.62739155094
"527","ERNESTO","2000-09-01 12:00:00",2000,14.8,-45.2,35,1008,15.4159423976994,924.956543861964
"528","FLORENCE","2000-09-10 18:00:00",2000,30.9,-70.9,70,985,11.5690231743427,2013.01003233563
"529","GORDON","2000-09-14 12:00:00",2000,19.8,-87.3,70,981,13.6373621981211,2372.90102247307
"530","HELENE","2000-09-15 12:00:00",2000,14.9,-52.2,60,986,20.5153153473765,5169.85946753888
"531","ISAAC","2000-09-21 12:00:00",2000,11.5,-23,120,943,19.7558517730783,6163.82575320042
"532","JOYCE","2000-09-25 12:00:00",2000,11.2,-29.6,80,975,14.4917426281263,2434.61276152521
"533","KEITH","2000-09-28 18:00:00",2000,16.1,-82.9,120,939,6.47500441596872,1359.75092735343
"534","LESLIE","2000-10-04 12:00:00",2000,29,-81.4,60,973,26.4161792719618,4120.92396642604
"535","MICHAEL","2000-10-15 12:00:00",2000,30,-71.2,85,965,15.4341508267391,2037.30790912956
"536","NADINE","2000-10-19 12:00:00",2000,26.2,-59.9,50,999,15.0791337755938,1176.17243449631
"537","SUBTROP:UNNAMED","2000-10-25 00:00:00",2000,21.5,-69.5,55,976,16.7345929070506,2008.15114884607
"538","UNNAMED","2000-06-07 18:00:00",2000,21,-93,30,0,50.8123577691904,10670.59513153
"539","ALLISON","2001-06-05 12:00:00",2001,27.5,-95,50,1000,8.35000386095485,2855.70132044656
"540","BARRY","2001-08-02 12:00:00",2001,25.7,-84.8,60,990,7.24807349289285,1087.21102393393
"541","CHANTAL","2001-08-14 18:00:00",2001,12.8,-37,60,997,19.008728323888,3763.72820812983
"542","DEAN","2001-08-22 12:00:00",2001,17.9,-64.3,60,994,18.2400224853745,3173.76391245517
"543","ERIN","2001-09-01 18:00:00",2001,12.5,-34.3,105,968,14.8510945874186,5524.60718651971
"544","FELIX","2001-09-07 18:00:00",2001,13.9,-28.4,100,962,11.9631489679567,3301.82911515605
"545","GABRIELLE","2001-09-11 18:00:00",2001,25.8,-84.1,70,975,15.536579046032,3821.99844532387
"546","HUMBERTO","2001-09-21 12:00:00",2001,25.1,-64.2,90,970,13.5061576993617,2106.96060110042
"547","IRIS","2001-10-04 12:00:00",2001,12.3,-58.2,125,948,17.4973019177873,2309.64385314793
"548","JERRY","2001-10-06 12:00:00",2001,10.6,-50.6,45,1004,18.1303116785721,1087.81870071433
"549","KAREN","2001-10-11 06:00:00",2001,27.5,-63,70,982,14.0707198038828,1604.06205764264
"550","LORENZO","2001-10-27 12:00:00",2001,27.2,-34.9,35,1007,13.6568334213847,1311.05600845293
"551","MICHELLE","2001-10-29 18:00:00",2001,13.3,-83.6,120,933,9.05570584738743,1901.69822795136
"552","NOEL","2001-11-04 00:00:00",2001,33.9,-50.4,65,986,10.9239722053507,786.525998785253
"553","OLGA","2001-11-23 06:00:00",2001,30.5,-51,80,973,9.35470536138224,2638.02691190979
"554","UNNAMED","2001-07-11 18:00:00",2001,10.9,-42.1,30,1005,54.3577124938977,2935.31647467047
"555","ARTHUR","2002-07-14 18:00:00",2002,34.3,-76.8,50,992,21.9189510502079,2630.27412602495
"556","BERTHA","2002-08-04 18:00:00",2002,29,-88.5,35,1007,5.46686468468501,754.427326486531
"557","CRISTOBAL","2002-08-05 18:00:00",2002,32,-77.2,45,999,6.05333267769742,472.159948860399
"558","DOLLY","2002-08-29 12:00:00",2002,9.5,-31.2,50,997,13.3741738260034,2086.37111685653
"559","EDOUARD","2002-09-01 18:00:00",2002,29.2,-78.8,55,1002,5.3763333562716,677.418002890222
"560","FAY","2002-09-05 18:00:00",2002,28,-93.8,50,998,5.01075212263539,691.483792923684
"561","GUSTAV","2002-09-08 12:00:00",2002,29,-71,85,960,16.9854778234865,3057.38600822758
"562","HANNA","2002-09-12 00:00:00",2002,26.3,-86.6,50,1001,7.24367240836331,738.854585653057
"563","ISIDORE","2002-09-14 18:00:00",2002,10,-60.5,110,934,12.1714671852703,4016.5841711392
"564","JOSEPHINE","2002-09-17 12:00:00",2002,32.7,-52.4,50,1004,15.5201909592177,838.090311797758
"565","KYLE","2002-09-20 18:00:00",2002,28.3,-51.8,75,980,7.71541017587629,4166.32149497319
"566","LILI","2002-09-21 18:00:00",2002,10.2,-44.6,125,938,12.0455184682441,4119.56731613949
"567","UNNAMED","2002-09-07 12:00:00",2002,24.3,-47.5,30,1002,29.0176755455324,2785.69685237111
"568","ANA","2003-04-18 00:00:00",2003,29.1,-66.2,50,994,14.803703190596,3464.06654659947
"569","BILL","2003-06-28 06:00:00",2003,19.5,-89,50,997,12.6489570376002,1593.76858673762
"570","CLAUDETTE","2003-07-07 00:00:00",2003,11.1,-53.5,80,979,14.6392168764583,3952.58855664375
"571","DANNY","2003-07-16 12:00:00",2003,30.8,-54.1,65,1000,10.9750457687608,2897.41208295285
"572","ERIKA","2003-08-14 18:00:00",2003,26.4,-83.3,65,986,16.2430620117544,1072.04209277579
"573","FABIAN","2003-08-27 18:00:00",2003,14.6,-30.7,125,939,17.8753068733181,5684.34758571516
"574","GRACE","2003-08-30 12:00:00",2003,24.3,-92.4,35,1007,10.8718782390327,848.006502644552
"575","HENRI","2003-09-03 18:00:00",2003,27.4,-87.7,50,997,7.1102113139421,938.547893440357
"576","ISABEL","2003-09-06 00:00:00",2003,13.8,-31.4,145,915,12.7441004991852,4434.94697371646
"577","JUAN","2003-09-24 12:00:00",2003,28.2,-62.4,90,969,11.8253085790938,1560.94073244039
"578","KATE","2003-09-25 18:00:00",2003,11.8,-37.7,110,952,18.3908549007069,6400.017505446
"579","LARRY","2003-09-27 18:00:00",2003,18.5,-84.7,55,993,4.4649709392795,1125.17267669844
"580","MINDY","2003-10-10 18:00:00",2003,19.1,-68.8,40,1002,9.48272233772219,796.548676368664
"581","NICHOLAS","2003-10-13 00:00:00",2003,9.5,-37,60,990,10.1647092722838,4879.06045069622
"582","ODETTE","2003-12-04 12:00:00",2003,12.9,-76.2,55,993,16.5658472317973,2286.08691798803
"583","PETER","2003-12-07 18:00:00",2003,27.5,-34.5,60,990,13.3924797830037,1205.32318047033
"584","UNNAMED","2003-06-11 00:00:00",2003,9.5,-40.8,30,1007,46.2141145533582,9150.39468156492
"585","ALEX","2004-07-31 18:00:00",2004,30.3,-78.3,105,957,18.9687022649065,2845.30533973597
"586","BONNIE","2004-08-03 12:00:00",2004,12.9,-53.6,55,1001,15.6240619216681,4124.75234732039
"587","CHARLEY","2004-08-09 12:00:00",2004,11.4,-59.2,130,941,18.371426868993,3306.85683641874
"588","DANIELLE","2004-08-13 12:00:00",2004,12.3,-21.8,95,964,10.708695797209,2955.60004002968
"589","EARL","2004-08-13 18:00:00",2004,9,-45.6,45,1009,22.0332678317497,1189.79646291448
"590","FRANCES","2004-08-25 00:00:00",2004,11.1,-35.2,125,935,11.7711208297247,5297.00437337612
"591","GASTON","2004-08-27 12:00:00",2004,31.8,-78.1,65,985,18.4614839857596,3101.52930960761
"592","HERMINE","2004-08-27 18:00:00",2004,29,-65.2,50,1002,12.3556212044375,1186.139635626
"593","IVAN","2004-09-02 18:00:00",2004,9.7,-27.6,145,910,13.7699522810505,7766.2530865125
"594","JEANNE","2004-09-13 18:00:00",2004,15.9,-60,105,950,8.85053765225942,3664.1225880354
"595","KARL","2004-09-16 06:00:00",2004,11.2,-29.2,125,938,20.3660241456811,5865.41495395616
"596","LISA","2004-09-19 18:00:00",2004,13.3,-32.4,65,987,11.5427700678794,3809.11412240019
"597","MATTHEW","2004-10-08 12:00:00",2004,24,-95.4,40,997,10.466032278996,816.350517761689
"598","NICOLE","2004-10-10 00:00:00",2004,30,-65.2,45,986,15.4527315777088,741.731115730021
"599","OTTO","2004-11-26 00:00:00",2004,28,-40,45,995,7.15460659888655,1674.17794413945
"600","UNNAMED","2004-09-07 12:00:00",2004,31.5,-39.7,30,1009,9.85221512338261,768.472779623844
"601","ALPHA","2005-10-22 12:00:00",2005,15.8,-67.5,45,998,15.8840933058799,1048.35015818807
"602","ARLENE","2005-06-08 18:00:00",2005,16.9,-84,60,989,14.4049544616001,2247.17289600961
"603","BETA","2005-10-26 18:00:00",2005,10.4,-80.9,100,962,4.60885354732638,497.756183111249
"604","BRET","2005-06-28 18:00:00",2005,19.7,-95.4,35,1002,6.2087018614557,260.765478181139
"605","CINDY","2005-07-03 18:00:00",2005,18.3,-86.7,65,991,14.6745394527544,2993.60604836191
"606","DELTA","2005-11-19 12:00:00",2005,27,-48,60,980,16.0610988355567,4047.39690656028
"607","DENNIS","2005-07-04 18:00:00",2005,12,-60.8,130,930,10.6818088264424,3781.36032456062
"608","EMILY","2005-07-11 00:00:00",2005,10.7,-42.4,140,929,15.0863587307963,4073.31685731501
"609","EPSILON","2005-11-29 06:00:00",2005,31.5,-49.2,75,981,9.64349275822235,2488.02113162137
"610","FRANKLIN","2005-07-21 18:00:00",2005,25,-75,60,997,11.5210815680566,2626.80659751691
"611","GAMMA","2005-11-14 00:00:00",2005,13.2,-62.1,45,1002,9.73717793700374,1927.96123152674
"612","GERT","2005-07-23 18:00:00",2005,19.3,-92.9,40,1005,11.2447113717762,607.214414075917
"613","HARVEY","2005-08-02 18:00:00",2005,28.2,-68.8,55,994,10.4383064340875,2880.97257580815
"614","IRENE","2005-08-04 18:00:00",2005,12.9,-33.5,90,970,12.9391090052795,4347.54062577393
"615","JOSE","2005-08-22 12:00:00",2005,19.4,-94.5,50,998,5.88280475296071,211.780971106586
"616","KATRINA","2005-08-23 18:00:00",2005,23.1,-75.1,150,902,10.3326493903831,2107.86047563815
"617","LEE","2005-08-28 12:00:00",2005,14,-45.1,35,1006,13.381107270704,2087.45273422982
"618","MARIA","2005-09-01 12:00:00",2005,18.8,-45.5,100,962,15.3432177231987,4695.02462329879
"619","NATE","2005-09-05 18:00:00",2005,28.4,-67,80,979,16.0514263217909,2792.94817999162
"620","NINETEEN","2005-09-30 12:00:00",2005,11.8,-32.7,30,1006,7.23411916908467,390.642435130572
"621","OPHELIA","2005-09-06 06:00:00",2005,25.8,-78.6,75,976,12.9883221540302,5377.1653717685
"622","PHILIPPE","2005-09-17 12:00:00",2005,13.3,-54.5,70,985,9.78455097677158,1643.80456409762
"623","RITA","2005-09-18 00:00:00",2005,21.3,-69.9,155,895,11.4346148730522,2469.87681257928
"624","STAN","2005-10-01 12:00:00",2005,18.9,-85.6,70,977,8.30937447351895,847.556196298933
"625","TAMMY","2005-10-05 06:00:00",2005,27.3,-79.7,45,1001,11.0911813321533,598.92379193628
"626","TEN","2005-08-13 12:00:00",2005,13.3,-43.6,30,1008,9.55004315696443,1203.30543777752
"627","TWENTY-TWO","2005-10-08 06:00:00",2005,26.1,-57.4,40,1005,11.0251105796354,1786.06791390093
"628","UNNAMED","2005-10-04 00:00:00",2005,33.8,-31.8,45,997,20.8148622250037,874.224213450156
"629","VINCE","2005-10-08 06:00:00",2005,32.9,-20.6,65,988,10.037391626916,903.365246422444
"630","WILMA","2005-10-15 18:00:00",2005,17.6,-78.5,160,882,12.0625850840951,3474.02450421939
"631","ZETA","2005-12-30 00:00:00",2005,23.9,-35.6,55,994,7.09111336941821,1531.68048779433
"632","ALBERTO","2006-06-10 06:00:00",2006,20,-85,60,969,22.5865273353697,5149.72823246428
"633","BERYL","2006-07-18 12:00:00",2006,32.3,-73.3,50,1000,14.0028116338147,1512.30365645199
"634","CHRIS","2006-08-01 00:00:00",2006,16.3,-58.1,55,1001,11.7775810542722,1625.30618548956
"635","DEBBY","2006-08-21 18:00:00",2006,11.6,-21.7,45,999,15.4312469312351,2407.27452127268
"636","ERNESTO","2006-08-24 18:00:00",2006,12.7,-61.6,65,985,11.2644004892173,3176.56093795929
"637","FLORENCE","2006-09-03 18:00:00",2006,14.1,-39.4,80,963,16.728934984704,6223.1638143099
"638","GORDON","2006-09-10 18:00:00",2006,20.2,-53.8,105,955,17.6723460710422,6043.94235629642
"639","HELENE","2006-09-12 12:00:00",2006,11.9,-22,105,955,16.4031825953612,6101.98392547436
"640","ISAAC","2006-09-27 18:00:00",2006,26.1,-52.6,75,985,14.2737918915433,2055.42603238223
"641","UNNAMED","2006-07-16 12:00:00",2006,37.2,-68.7,45,998,18.4794469216303,1441.39685988716
"642","ANDREA","2007-05-06 12:00:00",2007,35.5,-74,65,998,8.50219119204828,1581.40756172098
"643","BARRY","2007-05-31 00:00:00",2007,18.1,-87,50,990,16.4409927419156,2367.50295483585
"644","CHANTAL","2007-07-31 00:00:00",2007,35.5,-66.5,60,964,24.1701094614083,3335.47510567434
"645","DEAN","2007-08-13 06:00:00",2007,12.2,-28.9,150,905,18.7745578277128,4731.18857258362
"646","ERIN","2007-08-15 00:00:00",2007,23.7,-90.7,50,995,10.7700861715298,1357.03085761275
"647","FELIX","2007-08-31 12:00:00",2007,11.5,-56.6,150,929,15.268752490847,2565.1504184623
"648","FIFTEEN","2007-10-11 12:00:00",2007,29.5,-52.6,45,996,14.3222732236529,2234.27462288985
"649","GABRIELLE","2007-09-08 00:00:00",2007,30.1,-71.8,50,1004,11.1348587888399,1002.13729099559
"650","HUMBERTO","2007-09-12 06:00:00",2007,27.3,-95,80,985,7.59960832222931,501.574149267135
"651","INGRID","2007-09-12 06:00:00",2007,13,-43.6,40,1002,8.46902942402545,1321.16859014797
"652","JERRY","2007-09-23 00:00:00",2007,36.2,-46.1,35,1003,8.44445084503208,405.33364056154
"653","KAREN","2007-09-25 00:00:00",2007,10,-35.9,65,988,12.1454483861857,1384.58111602517
"654","LORENZO","2007-09-25 18:00:00",2007,21.8,-94.8,70,990,4.98309737178779,418.580179230174
"655","MELISSA","2007-09-28 06:00:00",2007,14,-25.8,35,1005,10.8474817013437,2017.63159644993
"656","NOEL","2007-10-24 00:00:00",2007,18,-60.2,75,965,14.351445716506,4822.08576074602
"657","OLGA","2007-12-10 12:00:00",2007,18.3,-61.8,50,1003,14.4313351485825,2164.70027228738
"658","TEN","2007-09-21 12:00:00",2007,29.1,-85.4,30,1005,7.60611443746485,182.546746499156
"659","ARTHUR","2008-05-31 00:00:00",2008,17.5,-87.5,40,1004,4.35446348054869,261.267808832922
"660","BERTHA","2008-07-03 06:00:00",2008,12.7,-22.9,110,952,13.9451010580447,6191.62486977184
"661","CRISTOBAL","2008-07-19 00:00:00",2008,31.7,-79.8,55,998,13.8997481651706,1501.17280183843
"662","DOLLY","2008-07-20 12:00:00",2008,17.8,-83.6,85,963,10.1535669528179,1888.56345322413
"663","EDOUARD","2008-08-03 12:00:00",2008,28.1,-87.4,55,996,9.2796333540337,779.489201738831
"664","FAY","2008-08-15 12:00:00",2008,18.4,-67.4,60,986,7.52814762172085,2710.13314381951
"665","GUSTAV","2008-08-25 00:00:00",2008,13.5,-67.4,135,941,11.0161848353042,3304.85545059125
"666","HANNA","2008-08-28 00:00:00",2008,19.4,-57.3,75,977,14.1078683576884,4147.7132971604
"667","IKE","2008-09-01 06:00:00",2008,17.2,-37,125,935,15.7083177108896,5843.49418845092
"668","JOSEPHINE","2008-09-02 00:00:00",2008,12.3,-21.9,55,994,11.1234243792187,2202.43802708531
"669","KYLE","2008-09-25 00:00:00",2008,21.5,-70,75,984,15.1458461194433,2090.12676448318
"670","LAURA","2008-09-26 00:00:00",2008,39,-35,70,990,14.5709954637759,2972.48307461028
"671","MARCO","2008-10-06 00:00:00",2008,18.5,-91.7,55,998,7.4834938261849,359.207703656875
"672","NANA","2008-10-12 06:00:00",2008,15.5,-36.6,35,1004,10.880763261469,913.9841139634
"673","OMAR","2008-10-13 06:00:00",2008,15.4,-69,115,958,13.0466657125744,2504.95981681428
"674","PALOMA","2008-11-05 18:00:00",2008,13.7,-81.7,125,944,7.96425658006898,1720.2794212949
"675","SIXTEEN","2008-10-14 12:00:00",2008,15.5,-82.8,25,1004,4.39416640829472,210.919987598147
"676","ANA","2009-08-10 06:00:00",2009,14.3,-24,35,1003,13.277677110945,2071.31762930742
"677","BILL","2009-08-15 06:00:00",2009,11.8,-32,115,943,22.6210302446944,6243.40434753566
"678","CLAUDETTE","2009-08-16 06:00:00",2009,27,-83.4,50,1005,10.4227530612395,500.292146939497
"679","DANNY","2009-08-26 09:00:00",2009,24.3,-69.6,50,1006,9.08127423990641,653.851745273262
"680","EIGHT","2009-09-25 06:00:00",2009,14.8,-29,30,1008,11.6706744945731,490.168328772069
"681","ERIKA","2009-09-01 18:00:00",2009,16.7,-57.3,45,1004,8.59506627151583,618.84477154914
"682","FRED","2009-09-07 18:00:00",2009,11.8,-24,105,958,12.0059626914721,3457.71725514398
"683","GRACE","2009-09-27 18:00:00",2009,46,-43.2,55,986,15.0992672836886,3352.03733697888
"684","HENRI","2009-10-06 00:00:00",2009,15.1,-49.2,45,1005,11.3441915357781,1565.49843193737
"685","IDA","2009-11-04 06:00:00",2009,11,-81.3,90,975,8.93871479027194,1662.60095099058
"686","ONE","2009-05-26 18:00:00",2009,30.6,-75.4,30,1006,14.1823483960152,1276.41135564137
"687","ALEX","2010-06-24 18:00:00",2010,15.9,-82,95,946,8.0984238288526,1554.8973751397
"688","BONNIE","2010-07-22 06:00:00",2010,21.5,-73.8,40,1005,11.4918692430141,1241.12187824552
"689","COLIN","2010-08-02 12:00:00",2010,12.5,-40.7,50,1005,15.8741317594927,2381.1197639239
"690","DANIELLE","2010-08-21 12:00:00",2010,10.7,-31.1,115,942,18.7950270383703,5751.2782737413
"691","EARL","2010-08-24 00:00:00",2010,12.4,-19.3,125,927,18.8006379095765,6204.21051016025
"692","FIONA","2010-08-30 00:00:00",2010,14,-41.8,55,998,18.4408289036927,2655.47936213175
"693","FIVE","2010-08-10 06:00:00",2010,25.7,-83,30,1007,7.44866127667054,1430.14296512074
"694","GASTON","2010-09-01 00:00:00",2010,12.2,-32.2,35,1005,13.5032634483119,2430.58742069614
"695","IGOR","2010-09-08 06:00:00",2010,14,-22.7,135,924,14.9113004002018,5457.53594647387
"696","JULIA","2010-09-12 06:00:00",2010,12.9,-20.5,120,948,13.0316621434639,3987.68861589995
"697","KARL","2010-09-13 18:00:00",2010,16.3,-78.5,110,956,9.82185436801041,1296.48477657737
"698","LISA","2010-09-20 00:00:00",2010,15.2,-32,75,982,5.99880785742109,1367.72819149201
"699","MATTHEW","2010-09-23 12:00:00",2010,13.7,-74.8,50,998,13.2997509614882,1276.77609230287
"700","NICOLE","2010-09-28 00:00:00",2010,19.4,-84.1,40,994,9.62349297270368,692.891494034665
"701","OTTO","2010-10-06 06:00:00",2010,22,-67.2,75,976,14.4885116639434,4085.76028923205
"702","PAULA","2010-10-11 00:00:00",2010,13.9,-81.8,90,981,8.64249087748042,1088.95385056253
"703","RICHARD","2010-10-19 18:00:00",2010,17.2,-83.4,85,977,6.89053735760614,1198.95350022347
"704","SHARY","2010-10-28 18:00:00",2010,25.6,-61.2,65,989,24.0653579358782,1299.52932853742
"705","TOMAS","2010-10-29 06:00:00",2010,9,-53.7,85,982,13.0755812065548,4236.48831092375
"706","TWO","2010-07-07 06:00:00",2010,21.5,-91.1,30,1005,11.2699101767029,879.052993782825
"707","ARLENE","2011-06-28 06:00:00",2011,19.9,-92.8,55,993,5.51704886490876,430.329811462883
"708","BRET","2011-07-16 06:00:00",2011,30.7,-79.7,60,995,10.2866854833101,1789.88327409595
"709","CINDY","2011-07-20 06:00:00",2011,33,-59.5,60,994,26.0905594124532,2035.06363417135
"710","DON","2011-07-27 06:00:00",2011,21.6,-85.7,45,997,10.6443817151129,894.128064069486
"711","EMILY","2011-08-02 00:00:00",2011,14.9,-61.4,45,1003,13.1146197515597,1888.50524422459
"712","FRANKLIN","2011-08-12 12:00:00",2011,34.7,-66,40,1004,19.3365435949814,1740.28892354832
"713","GERT","2011-08-13 06:00:00",2011,26.2,-58,55,1000,17.0451913768053,1943.1518169558
"714","HARVEY","2011-08-19 00:00:00",2011,15.4,-82,55,994,10.2562899239504,1046.14157224294
"715","IRENE","2011-08-21 00:00:00",2011,15,-59,105,942,13.8262795350393,3567.18012004014
"716","JOSE","2011-08-26 12:00:00",2011,27.3,-59,40,1006,13.727575369868,1070.75087884971
"717","KATIA","2011-08-28 00:00:00",2011,9.5,-19,120,942,20.2199297873693,7764.4530383498
"718","LEE","2011-09-02 00:00:00",2011,26.6,-91.4,50,986,6.46986424882359,854.022080844714
"719","MARIA","2011-09-06 18:00:00",2011,11.5,-35.9,70,983,17.2985976452358,4359.24660659943
"720","NATE","2011-09-06 18:00:00",2011,20.3,-93.9,65,994,3.86323150973733,533.125948343752
"721","NONAME:UNNAMED","2011-08-31 12:00:00",2011,37.1,-64.3,40,1002,6.44203711970972,541.131118055616
"722","OPHELIA","2011-09-20 06:00:00",2011,11.6,-37,120,940,14.4150732081941,5102.93591570073
"723","PHILIPPE","2011-09-23 00:00:00",2011,8.3,-17.5,80,976,12.2702985168686,4785.41642157874
"724","RINA","2011-10-22 00:00:00",2011,12.7,-81,100,966,5.47320730876737,1018.01655943073
"725","SEAN","2011-11-06 00:00:00",2011,28.5,-70,55,982,10.5357057778571,1769.99857068
"726","TEN","2011-08-25 00:00:00",2011,12.3,-29,30,1006,8.03971852257302,434.144800218943
"727","ALBERTO","2012-05-19 00:00:00",2012,33.1,-77,50,995,9.93486280174746,1192.1835362097
"728","BERYL","2012-05-25 12:00:00",2012,30.1,-76.1,60,992,13.0645949689401,2586.78980385014
"729","CHRIS","2012-06-17 00:00:00",2012,28.8,-68.8,75,974,17.2585268029284,3210.08598534468
"730","DEBBY","2012-06-23 12:00:00",2012,25.5,-87.6,55,990,5.55358732537977,599.787431141015
"731","ERNESTO","2012-08-01 12:00:00",2012,11.6,-46.7,85,973,14.7506873160698,3451.66083196033
"732","FLORENCE","2012-08-03 06:00:00",2012,12.2,-23.1,50,1002,16.2337290820601,2045.44986433957
"733","GORDON","2012-08-15 12:00:00",2012,27.6,-54.6,95,965,16.9095297060878,2637.8866341497
"734","HELENE","2012-08-09 18:00:00",2012,13.7,-43,40,1004,17.3979353751003,3966.72926552286
"735","ISAAC","2012-08-20 12:00:00",2012,15.7,-44.8,70,965,13.2201318791761,4045.36035502789
"736","JOYCE","2012-08-21 18:00:00",2012,10.7,-31.7,35,1006,14.387808075197,1035.92218141419
"737","KIRK","2012-08-28 18:00:00",2012,23.9,-43.4,90,970,19.05385939269,2515.10943983508
"738","LESLIE","2012-08-28 12:00:00",2012,12.9,-27.4,70,968,13.6729552823012,4922.26390162844
"739","MICHAEL","2012-09-02 00:00:00",2012,28.9,-36.7,100,964,8.91239490354149,2245.92351569246
"740","NADINE","2012-09-10 12:00:00",2012,15.5,-38,80,978,10.3536076689398,5963.67801730933
"741","OSCAR","2012-10-02 12:00:00",2012,12.4,-38,45,994,12.5400993364495,978.127748243059
"742","PATTY","2012-10-10 18:00:00",2012,25.5,-72.5,40,1005,1.54722533406418,102.116872048236
"743","RAFAEL","2012-10-12 18:00:00",2012,14.7,-62.7,80,966,18.9251627978992,6358.85470009414
"744","SANDY","2012-10-21 18:00:00",2012,14.3,-77.4,100,940,9.94398378809417,2684.87562278542
"745","TONY","2012-10-21 18:00:00",2012,20.1,-50.8,45,1000,15.267074964693,1832.04899576316
"746","ANDREA","2013-06-05 18:00:00",2013,25.1,-86.6,55,992,20.7837583163714,1745.8356985752
"747","BARRY","2013-06-16 00:00:00",2013,12.4,-81.5,40,1003,8.80152171471352,1214.60999663047
"748","CHANTAL","2013-07-07 12:00:00",2013,9.3,-41.4,55,1003,26.685006041232,2081.4304712161
"749","DORIAN","2013-07-22 18:00:00",2013,11.3,-20,50,1002,15.1834833924416,4646.14591808712
"750","EIGHT","2013-09-06 12:00:00",2013,22.4,-97.4,30,1008,5.10432553409271,122.503812818225
"751","ERIN","2013-08-15 00:00:00",2013,13.9,-23.3,40,1006,11.8433047622799,1421.19657147359
"752","FERNAND","2013-08-25 12:00:00",2013,18.7,-94.2,50,1001,6.95213892057586,291.989834664186
"753","GABRIELLE","2013-09-04 18:00:00",2013,16.2,-65.9,55,1003,8.39253315040123,1812.78716048666
"754","HUMBERTO","2013-09-08 00:00:00",2013,13,-17.6,80,979,9.84711135199777,2717.80273315138
"755","INGRID","2013-09-12 06:00:00",2013,19.3,-92.2,75,983,5.93051950683052,782.828574901629
"756","INVEST:UNNAMED","2013-12-03 18:00:00",2013,34.3,-27.7,55,995,6.77077942628384,649.994824923249
"757","JERRY","2013-09-28 00:00:00",2013,21.1,-50,45,1005,9.78244635456422,1936.92437820372
"758","KAREN","2013-10-03 06:00:00",2013,21.5,-86.8,55,998,6.68129516788013,561.228794101931
"759","LORENZO","2013-10-21 06:00:00",2013,27.6,-55.9,45,1000,6.88184569780046,867.112557922858
"760","MELISSA","2013-11-17 00:00:00",2013,23.9,-52.4,55,980,18.0311758024689,2812.86342518515
"761","ARTHUR","2014-06-28 18:00:00",2014,32,-78.2,85,973,11.4119216723052,3218.16191159006
"762","BERTHA","2014-07-29 06:00:00",2014,9.6,-37.1,70,996,23.3336307018475,6580.083857921
"763","CRISTOBAL","2014-08-23 18:00:00",2014,21.5,-72.2,75,963,19.3893432390056,4537.10631792732
"764","DOLLY","2014-09-01 12:00:00",2014,19.2,-92.3,45,1000,9.15496969624023,714.087636306738
"765","EDOUARD","2014-09-10 18:00:00",2014,13.7,-33.2,105,955,14.5938736964767,4115.47238240643
"766","FAY","2014-10-10 00:00:00",2014,22,-61.2,70,983,14.0164617541216,1177.38278734621
"767","GONZALO","2014-10-11 18:00:00",2014,16.4,-54.9,125,940,17.1092252083518,4003.55869875432
"768","HANNA:INVEST","2014-10-21 00:00:00",2014,19.5,-95.3,35,1000,7.54316287899868,1674.58215913771
"769","TWO","2014-07-19 12:00:00",2014,9,-29,30,1012,17.6309588698593,1798.35780472565
"770","ANA","2015-05-06 06:00:00",2015,26.8,-79.2,50,998,8.95953913080609,1505.20257397542
"771","BILL","2015-06-16 00:00:00",2015,27,-94.3,50,997,11.5758984318527,1528.01859300456
"772","CLAUDETTE","2015-07-12 00:00:00",2015,35.4,-75.4,45,1003,14.7998472604512,1331.98625344061
"773","DANNY","2015-08-17 00:00:00",2015,9.6,-29.3,110,960,11.976329809205,2227.59734451212
"774","ERIKA","2015-08-24 18:00:00",2015,14.3,-45.1,45,1001,16.5376866511777,1587.61791851306
"775","FRED","2015-08-30 00:00:00",2015,11.6,-17.5,75,986,10.7832134323624,2005.6776984194
"776","GRACE","2015-09-05 06:00:00",2015,12,-23.1,50,1000,15.4723873715664,1578.18351189977
"777","HENRI","2015-09-08 06:00:00",2015,31.1,-62.2,45,1003,5.47642610653821,427.16123630998
"778","IDA","2015-09-15 12:00:00",2015,9.4,-24.2,45,1001,8.8400213989755,2705.0465480865
"779","JOAQUIN","2015-09-26 18:00:00",2015,26.8,-68.7,135,931,11.3433964100695,5172.58876299168
"780","KATE","2015-11-08 18:00:00",2015,22.2,-71.5,75,980,21.822451653029,2618.69419836348
"781","NINE","2015-09-15 00:00:00",2015,11.5,-40.3,30,1006,7.3527777362175,838.216661928795
"782","ALEX","2016-01-07 00:00:00",2016,26.6,-75.3,75,978,21.8781783128852,5513.30093484707
"783","BONNIE","2016-05-27 06:00:00",2016,27.2,-72.1,40,1006,11.5251725413413,3872.45797389068
"784","COLIN","2016-06-05 12:00:00",2016,21.6,-88,50,987,26.2274371752435,2360.46934577192
"785","DANIELLE","2016-06-18 18:00:00",2016,19.4,-91.6,40,1007,7.15741166796158,515.333640093234
"786","EARL","2016-08-02 06:00:00",2016,16.3,-77.5,75,979,11.3329882120387,1359.95858544464
"787","EIGHT","2016-08-27 00:00:00",2016,30.7,-65,30,1010,7.49604951266118,944.502238595308
"788","FIONA","2016-08-16 18:00:00",2016,12,-32.2,45,1004,13.3395477157977,2481.15587513837
"789","GASTON","2016-08-21 12:00:00",2016,11,-19.4,105,955,14.6950834961788,4673.03655178484
"790","HERMINE","2016-08-28 18:00:00",2016,23.8,-81.4,70,981,9.04219824717547,2549.89990570348
"791","IAN","2016-09-12 00:00:00",2016,20,-48.5,55,984,23.2481951711305,2929.27259156244
"792","JULIA","2016-09-13 06:00:00",2016,27.3,-80.2,45,1007,6.45744538198456,1278.57418563294
"793","KARL","2016-09-12 18:00:00",2016,13.1,-19,60,980,16.3093325108786,5284.22373352468
"794","LISA","2016-09-19 06:00:00",2016,13.2,-26.7,45,999,9.85118135170997,1773.21264330779
"795","MATTHEW","2016-09-28 12:00:00",2016,13.4,-59.8,145,934,10.0185736732504,3005.57210197512
"796","NICOLE","2016-10-04 06:00:00",2016,23.2,-59.8,120,950,10.6945567040987,4042.54243414931
"797","OTTO","2016-11-17 18:00:00",2016,12.5,-80.7,100,975,6.14216790968313,1400.41428340775
